Topic,Count,Name,word_strength
-1,34842,-1_movie_film_movies_like,"[('movie', 0.007928808156672832), ('film', 0.006833120043294715), ('movies', 0.006558809448884728), ('like', 0.006382558429351109), ('watch', 0.006265682331063099), ('think', 0.005379719954756352), ('time', 0.004850452794337583), ('know', 0.0042277564862766865), ('character', 0.004145901084261727), ('good', 0.003925359303830577)]"
0,21946,0_movie_film_movies_like,"[('movie', 0.007596508343484919), ('film', 0.005842595272284285), ('movies', 0.0056059983703984125), ('like', 0.0054968376788393026), ('watch', 0.005040116917830044), ('think', 0.004892752484443221), ('remember', 0.004141358195544512), ('time', 0.004030864712202903), ('know', 0.004026179749491284), ('good', 0.0034454081469313205)]"
1,2286,1_batman_marvel_joker_mcu,"[('batman', 0.01913483264384149), ('marvel', 0.011484699082630848), ('joker', 0.008655155856971346), ('mcu', 0.008617583578447418), ('knight', 0.007574440896479994), ('snyder', 0.006637642697501243), ('avengers', 0.006570227069462303), ('like', 0.006549426959109709), ('movie', 0.006308102505901419), ('movies', 0.006022132001223318)]"
2,1062,2_trailer_official trailer_official_trailers,"[('trailer', 0.1004365849166488), ('official trailer', 0.05481422924293427), ('official', 0.05184123656940757), ('trailers', 0.04697277666807655), ('trailer netflix', 0.014901656951806766), ('movie trailers', 0.013742688454621566), ('official trailer netflix', 0.013629240938342484), ('teaser', 0.011871125455157106), ('movie', 0.011404145345950087), ('netflix', 0.011276572373460896)]"
3,922,3_star war_war_star_jedi,"[('star war', 0.02096338461886313), ('war', 0.01795911122930703), ('star', 0.01677046493602347), ('jedi', 0.01059021451292574), ('space', 0.008100187276141717), ('trilogy', 0.007318060480919882), ('interstellar', 0.006564723978358947), ('skywalker', 0.00631513446909363), ('like', 0.006104381022853308), ('movie', 0.006086156630824876)]"
4,831,4_dune_villeneuve_denis_denis villeneuve,"[('dune', 0.05515576500000812), ('villeneuve', 0.020641212587349817), ('denis', 0.016047813879776936), ('denis villeneuve', 0.014646898786324249), ('dunedune', 0.013121964365846141), ('dunedune dunedune', 0.013068356090363326), ('dunedune dunedune dunedune', 0.013014701976390715), ('book', 0.008452393852045336), ('film', 0.006429029833210999), ('movie', 0.006114196324340843)]"
5,829,5_poster_posters_movie posters_official poster,"[('poster', 0.12228685158653506), ('posters', 0.07007089424522414), ('movie posters', 0.033614815208086186), ('official poster', 0.030145210785681255), ('movie poster', 0.028969205154436184), ('official', 0.028279526249980782), ('new', 0.018159048736573584), ('new poster', 0.016936057517815514), ('movie', 0.014352522109363443), ('poster new', 0.010752338295408356)]"
6,826,6_star_kristen_image_kristen stewart,"[('star', 0.021009755082563596), ('kristen', 0.011576886647762932), ('image', 0.010865138715732992), ('kristen stewart', 0.01068378171495416), ('stewart', 0.01010512992919577), ('anya', 0.009427236154816769), ('amp', 0.00935416793618772), ('poster', 0.009134789978042564), ('taylor', 0.009117519657249183), ('join', 0.008908178218193251)]"
7,695,7_nolan_tenet_christopher nolan_christopher,"[('nolan', 0.047382198072698445), ('tenet', 0.02843883046232229), ('christopher nolan', 0.02306408492444327), ('christopher', 0.021374847193828428), ('inception', 0.01061816578949875), ('dunkirk', 0.010359475402206782), ('film', 0.008780769879582989), ('interstellar', 0.008165821322573534), ('memento', 0.006666507228607662), ('time', 0.006630251633866834)]"
8,542,8_bond_jam bond_jam_craig,"[('bond', 0.07663275745082324), ('jam bond', 0.030194149211485027), ('jam', 0.023526431904912406), ('craig', 0.019730431200194555), ('bond film', 0.013971623449703102), ('daniel craig', 0.012395074887009448), ('time die', 0.011936302852064639), ('die', 0.01159259185935535), ('daniel', 0.010328799617032609), ('connery', 0.010025951916142035)]"
9,498,9_alien_predator_movie_prometheus,"[('alien', 0.043778463352605976), ('predator', 0.009121419178059038), ('movie', 0.007640878146474938), ('prometheus', 0.007365461994715321), ('disaster', 0.0065971044692891365), ('like', 0.006586506276521311), ('word word word', 0.006272233706154009), ('word word', 0.006182270577121372), ('ripley', 0.0061795560650171584), ('watch', 0.005934879660855311)]"
10,496,10_christmas_santa_christmas movie_christmas movies,"[('christmas', 0.07344747961319133), ('santa', 0.020072224294417927), ('christmas movie', 0.018660579444934433), ('christmas movies', 0.01629090609612102), ('holiday', 0.014876435308053665), ('grinch', 0.010308729702308256), ('movie', 0.010006009251394986), ('die hard', 0.00883670364991125), ('movies', 0.00872367765672436), ('watch', 0.007436925846573737)]"
11,487,11_matrix_neo_resurrections_matrix resurrections,"[('matrix', 0.07925034760206714), ('neo', 0.024861819052841284), ('resurrections', 0.015946873973236804), ('matrix resurrections', 0.014776487729771455), ('keanu', 0.013606575089606323), ('morpheus', 0.012055489979501602), ('keanu reeve', 0.011905200770642412), ('reeve', 0.011783440126418552), ('reload', 0.01100107515073573), ('machine', 0.00845502908930912)]"
12,471,12_spider_spider man_man_peter,"[('spider', 0.05775251094896534), ('spider man', 0.053635240623875764), ('man', 0.03431294518671426), ('peter', 0.0201896465303046), ('spiderman', 0.016900441665263027), ('way home', 0.013872004942803832), ('holland', 0.011452518290854578), ('home', 0.011400172474569484), ('spider man way', 0.01064750558168468), ('man way', 0.010490912984293943)]"
13,384,13_tarantino_quentin_pulp_quentin tarantino,"[('tarantino', 0.049233756695006486), ('quentin', 0.028885892448765906), ('pulp', 0.02617724480421345), ('quentin tarantino', 0.025672869959457535), ('pulp fiction', 0.024821725242062023), ('fiction', 0.021958764741632133), ('django', 0.02024222567269302), ('basterds', 0.013656358217202992), ('reservoir dog', 0.012377337573805396), ('reservoir', 0.012326758488843646)]"
14,375,14_godzilla_kong_godzilla kong_king,"[('godzilla', 0.06405453661044015), ('kong', 0.0452176603129794), ('godzilla kong', 0.022380219184568683), ('king', 0.012476147392216096), ('monster', 0.012145458566767015), ('king kong', 0.011490965374695584), ('monsters', 0.010504984281230957), ('movie', 0.008115987843394148), ('godzilla king', 0.007855942054968288), ('fight', 0.007767277727098515)]"
15,375,15_parasite_family_kim_bong,"[('parasite', 0.04714175146362185), ('family', 0.01509872195886934), ('kim', 0.014268144830984649), ('bong', 0.013206052465504419), ('joon', 0.012187029712667932), ('park', 0.012178451527972582), ('bong joon', 0.011731041625433758), ('rich', 0.010948901756620671), ('poor', 0.009185925254357321), ('kim family', 0.009064933884420881)]"
16,374,16_shang chi_shang_chi_china,"[('shang chi', 0.04368225346999666), ('shang', 0.04333344633470563), ('chi', 0.04327419517225491), ('china', 0.034346177059283924), ('chinese', 0.02789995290108547), ('asian', 0.015394480020114447), ('legend ring', 0.011871891954989043), ('chi legend', 0.011653768395434798), ('chi legend ring', 0.011653768395434798), ('shang chi legend', 0.011653768395434798)]"
17,358,17_die_actor_die age_dead,"[('die', 0.08077721947950978), ('actor', 0.042906254071848164), ('die age', 0.03384904725298448), ('dead', 0.032231768892968), ('age', 0.021864946506587747), ('star', 0.020603098398595997), ('actress', 0.02032445365463189), ('actor die', 0.01919589184094165), ('pass away', 0.017543643038676088), ('pass', 0.012775124344138128)]"
18,344,18_godfather_michael_pacino_coppola,"[('godfather', 0.04112278470081403), ('michael', 0.01900938802307241), ('pacino', 0.01594158878518684), ('coppola', 0.015537864684764676), ('corleone', 0.013981581039572097), ('tony', 0.010208278046344603), ('francis', 0.009750818097131119), ('vito', 0.009367026400195152), ('francis ford coppola', 0.008910721893950145), ('ford coppola', 0.008903545933711112)]"
19,336,19_black_white_people_racist,"[('black', 0.030368801357367393), ('white', 0.028301586809838682), ('people', 0.011749397807157357), ('racist', 0.011454954750297548), ('racism', 0.010098545204098676), ('black people', 0.008095191516819557), ('race', 0.007186203433280401), ('white people', 0.007070404059643111), ('character', 0.007017983036606763), ('film', 0.006447862611368037)]"
20,328,20_war_war movies_soldier_private ryan,"[('war', 0.039800068805992246), ('war movies', 0.012392292061640307), ('soldier', 0.012152907257575472), ('private ryan', 0.010514491747689496), ('save private', 0.010322005898464624), ('save private ryan', 0.010322005898464624), ('private', 0.010099010379818392), ('ryan', 0.009864138741767921), ('vietnam', 0.009815292841008343), ('war film', 0.009708837979695881)]"
21,318,21_rat_imdb_movies_fuck fuck fuck,"[('rat', 0.07845758630977784), ('imdb', 0.01683849041335009), ('movies', 0.011838686617783485), ('fuck fuck fuck', 0.01002914472312253), ('movie', 0.009906644041235457), ('fuck fuck', 0.009861468901320936), ('rat movies', 0.009486386481262687), ('film', 0.0094453652180295), ('rat film', 0.00915625366919016), ('movie rat', 0.008238747941756181)]"
22,279,22_wonder woman_woman_wonder_diana,"[('wonder woman', 0.05643685718896757), ('woman', 0.040812649135959875), ('wonder', 0.03960625076186995), ('diana', 0.019016534425537517), ('gadot', 0.014987291861607905), ('gal', 0.01449562114001534), ('wish', 0.014427147086322204), ('gal gadot', 0.013244197571893527), ('patty jenkins', 0.0099905070261252), ('patty', 0.009960125919913998)]"
23,274,23_ring_lord ring_lord_hobbit,"[('ring', 0.03196211688772952), ('lord ring', 0.026576257910136517), ('lord', 0.02525780824069769), ('hobbit', 0.02399105695033429), ('trilogy', 0.021640744066684873), ('lotr', 0.017537236888366784), ('peter jackson', 0.010013341733168975), ('frodo', 0.00982603297002762), ('fellowship', 0.00981889771286251), ('jackson', 0.00979123873867457)]"
24,272,24_terminator_dark fate_arnold_fate,"[('terminator', 0.05893630558271375), ('dark fate', 0.013091871716505237), ('arnold', 0.012602654769281657), ('fate', 0.011712356144739585), ('schwarzenegger', 0.009621400056507863), ('connor', 0.009413551241205353), ('conan', 0.00923129015032449), ('john', 0.008879974620842215), ('sarah', 0.008873559598005386), ('dark', 0.007937120242226543)]"
25,261,25_jurassic_park_jurassic park_jurassic world,"[('jurassic', 0.04699854521203995), ('park', 0.03165568749432641), ('jurassic park', 0.03098493634723723), ('jurassic world', 0.021031217481710062), ('dinosaurs', 0.015492534919580364), ('world', 0.014954015048206546), ('dinosaur', 0.010405633543283931), ('rex', 0.00933330935130608), ('dominion', 0.009017294303802383), ('world dominion', 0.00834680979680547)]"
26,252,26_pirate_depp_johnny depp_johnny,"[('pirate', 0.03948984104256723), ('depp', 0.03000564357248231), ('johnny depp', 0.02522669094363222), ('johnny', 0.02189593334475577), ('caribbean', 0.01942861385021025), ('pirate caribbean', 0.019235857759432262), ('amber hear', 0.01585046232166373), ('amber', 0.015704731711264824), ('jack', 0.01367776748947917), ('aquaman', 0.01195704591626032)]"
27,247,27_indiana_indiana jones_jones_indy,"[('indiana', 0.06442832471283223), ('indiana jones', 0.06133207243512611), ('jones', 0.05806032832003972), ('indy', 0.02637832161507917), ('harrison', 0.021928339896655272), ('harrison ford', 0.021309495091307563), ('ford', 0.020742889984108184), ('raiders', 0.01990032450258808), ('temple', 0.013520949030389558), ('crystal skull', 0.012597339079365527)]"
28,236,28_western_westerns_west_genre,"[('western', 0.037212611565565074), ('westerns', 0.030755039572412386), ('west', 0.011501871343047903), ('genre', 0.009897894900241924), ('leone', 0.007987820214910844), ('tombstone', 0.007882187612450003), ('western movies', 0.007359751227727118), ('spaghetti', 0.006628039102668247), ('like', 0.006529108822750468), ('movies', 0.006494439336421001)]"
29,228,29_fast_furious_fast furious_car,"[('fast', 0.03397236584268607), ('furious', 0.03348706214429582), ('fast furious', 0.023164671792911474), ('car', 0.012436785827211465), ('dom', 0.011701393065607678), ('race', 0.010682362917227404), ('hobbs', 0.010044871886191794), ('cars', 0.009879795380172748), ('chase', 0.009721136101417054), ('fast amp furious', 0.00950225732285242)]"
30,225,30_villain_villains_hero_heroes,"[('villain', 0.029953537435713214), ('villains', 0.022512262954694096), ('hero', 0.016202196807468185), ('heroes', 0.010689433827445355), ('character', 0.010156863964922555), ('guy', 0.009575623837030483), ('protagonist', 0.008959417513462166), ('bad', 0.008797108631430798), ('bad guy', 0.00877625115795797), ('antagonist', 0.008094125344913125)]"
31,218,31_sandler_adam_adam sandler_uncut,"[('sandler', 0.04542948686105658), ('adam', 0.03185227040130751), ('adam sandler', 0.031629989258703056), ('uncut', 0.027032479736260762), ('uncut gems', 0.026672103684640742), ('gems', 0.025188080300749646), ('rob', 0.009819618341142686), ('grow up', 0.008953630702083352), ('happy', 0.008308834251061934), ('movie', 0.0077828832000019785)]"
32,218,32_blade_blade runner_runner_deckard,"[('blade', 0.04706470800600604), ('blade runner', 0.040105793134521846), ('runner', 0.0392835032953254), ('deckard', 0.01271534249677812), ('replicants', 0.010682180172109179), ('original', 0.008572444668992754), ('replicant', 0.008159535818497267), ('joi', 0.007560750639972629), ('watch blade', 0.0075228380341593615), ('movie', 0.007311701933898342)]"
33,216,33_jaw_shark_ocean_underwater,"[('jaw', 0.025670413254325657), ('shark', 0.024878895843123944), ('ocean', 0.020087907389933997), ('underwater', 0.0167282314450437), ('water', 0.01184718393913014), ('waterworld', 0.011360394206749487), ('sea', 0.010097823254146245), ('watch', 0.00785959018166785), ('deep', 0.007792163201748202), ('movie', 0.0072069047255116075)]"
34,212,34_zombie_zombies_dead_zombie movie,"[('zombie', 0.051781957988643136), ('zombies', 0.025130269764270775), ('dead', 0.0218071693517001), ('zombie movie', 0.012504732088062978), ('army dead', 0.011699421607435456), ('busan', 0.011443783058071588), ('zombie movies', 0.011259450390976986), ('army', 0.011185157130854969), ('train busan', 0.011153976910946137), ('train', 0.00871104590244072)]"
35,207,35_animate_animation_animate movies_amp,"[('animate', 0.05339084248016855), ('animation', 0.03330876223379112), ('animate movies', 0.022921227862392732), ('amp', 0.020716606745867325), ('animate film', 0.01922575423187872), ('film', 0.011037260835713127), ('animate movie', 0.010824202944647771), ('movies', 0.009885621948356139), ('chzlenus', 0.008111272441087777), ('chzlenus amp', 0.008111272441087777)]"
36,198,36_mission impossible_mission_impossible_tom cruise,"[('mission impossible', 0.07095158551469684), ('mission', 0.06840805217728532), ('impossible', 0.06522212841943949), ('tom cruise', 0.05756693618774595), ('cruise', 0.05719059911156785), ('tom', 0.04597848422165202), ('ethan', 0.015551391500299095), ('covid', 0.013810048058294075), ('ethan hunt', 0.012425088174173048), ('action', 0.01063300680531518)]"
37,195,37_suicide squad_squad_suicide_gunn,"[('suicide squad', 0.09097346398419111), ('squad', 0.08949799801751894), ('suicide', 0.08528247459333627), ('gunn', 0.03302479149135044), ('jam gunn', 0.03171668903747142), ('jam', 0.019132814095738197), ('new suicide squad', 0.010234592335978124), ('new suicide', 0.010234592335978124), ('new', 0.00939090186710241), ('guardians', 0.008415938333016612)]"
38,194,38_samurai_japanese_kurosawa_akira,"[('samurai', 0.028208746387978535), ('japanese', 0.027015549981738732), ('kurosawa', 0.022596780446034782), ('akira', 0.014673495256424793), ('japan', 0.00995378798521987), ('com comment', 0.009415867921490318), ('reddit com comment', 0.009415867921490318), ('film', 0.009263521810858568), ('share amp utmmedium', 0.008989030223034168), ('utmsource share amp', 0.008989030223034168)]"
39,184,39_ridley_ridley scott_scott_duel,"[('ridley', 0.05865736152352077), ('ridley scott', 0.056673140630239774), ('scott', 0.05537987813704168), ('duel', 0.028209251623472095), ('gladiator', 0.025253511036743594), ('robin hood', 0.01340284275540732), ('hood', 0.012329976242363963), ('robin', 0.012130675199692803), ('alien', 0.01182080979939564), ('film', 0.008434775062571622)]"
40,177,40_rocky_rambo_stallone_creed,"[('rocky', 0.07379956264126393), ('rambo', 0.043344600975371544), ('stallone', 0.027023932101563012), ('creed', 0.020581306036000415), ('sylvester stallone', 0.01483006956018241), ('sylvester', 0.014763341599156845), ('apollo', 0.013716146823341333), ('drago', 0.011874102073393133), ('blood', 0.010238348691439858), ('fight', 0.009329153674241442)]"
41,176,41_black widow_widow_black_scarlett johansson,"[('black widow', 0.09055002741989478), ('widow', 0.08836814868052571), ('black', 0.0555349528006679), ('scarlett johansson', 0.0433503960241948), ('johansson', 0.043091385270188756), ('scarlett', 0.041720916017014914), ('disney', 0.02251213460554241), ('marvel', 0.019177199980933413), ('lawsuit', 0.016671384556720598), ('natasha', 0.0118525830950164)]"
42,176,42_russian_russia_ukraine_soviet,"[('russian', 0.038375683430892864), ('russia', 0.01982256078926757), ('ukraine', 0.01854170011510666), ('soviet', 0.016506651028178564), ('stalin', 0.015251257272068434), ('tarkovsky', 0.010672121216471826), ('film', 0.009059143315968904), ('andrei', 0.008941743802770285), ('watch', 0.008531019393562737), ('death stalin', 0.007896059262295614)]"
43,171,43_harry_potter_harry potter_radcliffe,"[('harry', 0.046070236583914015), ('potter', 0.04148160733446226), ('harry potter', 0.03987692267584327), ('radcliffe', 0.012709612521873569), ('daniel radcliffe', 0.011443387136709015), ('franchise', 0.010154011789132975), ('book', 0.009727429037533203), ('fantastic beasts', 0.009695193016365147), ('beasts', 0.009675415816364382), ('daniel', 0.008368650332524883)]"
44,170,44_pixar_toy story_toy_soul,"[('pixar', 0.07356269725795397), ('toy story', 0.019255136641067455), ('toy', 0.01900610097064414), ('soul', 0.017510557463701015), ('good pixar', 0.016811404443732785), ('pixar worst', 0.016638874280306633), ('worst film bad', 0.016638874280306633), ('pixar worst film', 0.016638874280306633), ('good pixar worst', 0.016638874280306633), ('bad good pixar', 0.016396472558736566)]"
45,170,45_irishman_goodfellas_scorsese_henry,"[('irishman', 0.031015236728025242), ('goodfellas', 0.023464602806273875), ('scorsese', 0.013369746778888345), ('henry', 0.013154392895382888), ('frank', 0.012439205688183996), ('pesci', 0.011818039293834843), ('jimmy', 0.011353642877290697), ('tommy', 0.010925285541176393), ('hoffa', 0.010793971782371757), ('gangster', 0.010773609085665504)]"
46,160,46_cage_nicolas cage_nicolas_nic cage,"[('cage', 0.1028717153415876), ('nicolas cage', 0.05136366595412378), ('nicolas', 0.04950195837015693), ('nic cage', 0.02352311420758269), ('nic', 0.02304878678636364), ('pig', 0.02027117161902826), ('nicholas cage', 0.016665256979142815), ('nicholas', 0.014869684184114862), ('wonderland', 0.014853082531374162), ('willy wonderland', 0.014347388818354016)]"
47,159,47_max_mad max_mad_fury,"[('max', 0.06008975482865816), ('mad max', 0.05963027213490376), ('mad', 0.05520810972484214), ('fury', 0.04507532130171849), ('fury road', 0.04425524862075998), ('road', 0.04305108827705932), ('max fury road', 0.029000940581185353), ('max fury', 0.028954843717734605), ('mad max fury', 0.028716365529034428), ('furiosa', 0.023727620871864488)]"
48,159,48_quote_movie quote_line_movie,"[('quote', 0.08803269473416037), ('movie quote', 0.039791442562783004), ('line', 0.030889746278124523), ('movie', 0.014037982564672423), ('favorite', 0.011334625326346786), ('say', 0.009414783344339069), ('know', 0.008403419875383913), ('movie line', 0.00781848938826744), ('help', 0.007748973906674842), ('think', 0.007218191039448938)]"
49,153,49_kombat_mortal kombat_mortal_kombat movie,"[('kombat', 0.09858554528752948), ('mortal kombat', 0.09716510013583786), ('mortal', 0.09674564633485101), ('kombat movie', 0.020523463381381658), ('mortal kombat movie', 0.020523463381381658), ('sub zero', 0.02003237044935281), ('scorpion', 0.019888088999566702), ('cole', 0.014904745604846219), ('zero', 0.013800559861633368), ('johnny cage', 0.013292623880646452)]"
50,151,50_youpoll_https youpoll_poll_click https youpoll,"[('youpoll', 0.060622248456136174), ('https youpoll', 0.060622248456136174), ('poll', 0.05620755575945584), ('click https youpoll', 0.04818372813602173), ('click https', 0.04812454792668895), ('https', 0.04603651004547373), ('click', 0.04534202221247762), ('rank', 0.04061013721782809), ('youpoll list rank', 0.034642829880536075), ('youpoll list', 0.0346329389826995)]"
51,148,51_sex_sex scenes_nudity_scenes,"[('sex', 0.04892666673503829), ('sex scenes', 0.024669661642265597), ('nudity', 0.02348934649867288), ('scenes', 0.020414851241726012), ('nude', 0.013975891959253183), ('scene', 0.0138497195401471), ('sex scene', 0.013286410626251433), ('sexual', 0.010371604633854609), ('erotic', 0.009735274547205556), ('movies', 0.009685765005024168)]"
52,146,52_cgi_effect_practical_look,"[('cgi', 0.060461144865274624), ('effect', 0.030068037762011186), ('practical', 0.02196391768085811), ('look', 0.018761125451568297), ('practical effect', 0.01743171429593426), ('special effect', 0.010761423481531111), ('movies', 0.01011891868076472), ('special', 0.009491989961149172), ('like', 0.00948622368596347), ('animation', 0.008661828261001234)]"
53,144,53_romantic_romance_romance movies_love,"[('romantic', 0.04522296019616921), ('romance', 0.04444070289770518), ('romance movies', 0.01939802735089538), ('love', 0.01766706628689541), ('movies', 0.016275646009161728), ('romantic movies', 0.013552721434579295), ('recommendations', 0.01037904085906494), ('valentine', 0.009992838871947537), ('romantic comedies', 0.009858046559437318), ('watch', 0.009570199362927929)]"
54,143,54_borat_cohen_baron cohen_baron,"[('borat', 0.10887205243949125), ('cohen', 0.03477447736497061), ('baron cohen', 0.03043731995445621), ('baron', 0.029734698036714), ('sacha', 0.028005698674801672), ('sacha baron', 0.025581274527919487), ('sacha baron cohen', 0.0245506686349546), ('rudy', 0.01767652951740375), ('giuliani', 0.015980419672083756), ('moviefilm', 0.013723332730869797)]"
55,140,55_cut_version_theatrical_director cut,"[('cut', 0.07987273691130777), ('version', 0.03835115861451146), ('theatrical', 0.033744671178963355), ('director cut', 0.03248966737987694), ('extend', 0.02425534563165312), ('director', 0.023926909680795524), ('theatrical cut', 0.01892917315727201), ('watch', 0.012718746868025599), ('versions', 0.012024849416960809), ('directors cut', 0.011849855346125187)]"
56,138,56_venom_carnage_let carnage_venom let,"[('venom', 0.09250165140857393), ('carnage', 0.05628206831270514), ('let carnage', 0.039475865442462725), ('venom let', 0.037260452648973964), ('venom let carnage', 0.03655591751245753), ('let', 0.02145244386464893), ('hardy', 0.013628051750535228), ('tom hardy', 0.01234509077901616), ('symbiote', 0.009455267246144946), ('weekend', 0.008990418186995227)]"
57,127,57_lynch_david lynch_mulholland_david,"[('lynch', 0.050177022887146316), ('david lynch', 0.034524974882934954), ('mulholland', 0.029350831865095982), ('david', 0.025785223121267107), ('mulholland drive', 0.025424160968123506), ('twin peak', 0.02297949403119485), ('camilla', 0.02130210881297981), ('twin', 0.020256298606993878), ('peak', 0.0199527306958244), ('drive', 0.017212044175914803)]"
58,127,58_korean_korean film_korean movies_oldboy,"[('korean', 0.068406207966176), ('korean film', 0.02074912886969067), ('korean movies', 0.01976151607464406), ('oldboy', 0.014130471924242369), ('movies', 0.013034382288480162), ('film', 0.01245148844334523), ('train busan', 0.011751188755326424), ('busan', 0.01169116300510059), ('watch', 0.011595594158958302), ('handmaiden', 0.011510457739629686)]"
59,125,59_jojo_jojo rabbit_rabbit_taika,"[('jojo', 0.06697872692287216), ('jojo rabbit', 0.04788195443181177), ('rabbit', 0.044793202589621606), ('taika', 0.030758195585987736), ('waititi', 0.027914550310023194), ('taika waititi', 0.027137461842783032), ('nazi', 0.012905991070520904), ('elsa', 0.01229254826710578), ('jewish', 0.011537192719091444), ('movie', 0.011166786249954623)]"
60,125,60_mulan_disney_chinese_live action,"[('mulan', 0.0860409214768763), ('disney', 0.02819894629733161), ('chinese', 0.021859432183452283), ('live action', 0.010246612003630792), ('remake', 0.008357032806741637), ('live', 0.008205694123641858), ('women', 0.0072386527996887), ('original', 0.006934110540332757), ('action', 0.006827902459152085), ('movie', 0.006565119472295648)]"
61,124,61_ghibli_miyazaki_studio ghibli_studio,"[('ghibli', 0.06306743962214022), ('miyazaki', 0.0548090598594764), ('studio ghibli', 0.0422400895063961), ('studio', 0.032432791487617324), ('hayao', 0.025534847764981595), ('hayao miyazaki', 0.02303308673740564), ('spirit away', 0.02009977979257873), ('howl', 0.019707071106874356), ('ghibli film', 0.017198736323071166), ('castle', 0.017101081970447556)]"
62,122,62_wick_john wick_john_action,"[('wick', 0.08750971996409608), ('john wick', 0.08116882022120303), ('john', 0.06687100378341797), ('action', 0.013472162712234), ('kill', 0.008330495552091931), ('chapter', 0.007155725227755123), ('wick chapter', 0.007077064467897291), ('john wick chapter', 0.007077064467897291), ('fight', 0.006269947098329499), ('watch', 0.006255628609343481)]"
63,122,63_avatar_jam cameron_cameron_endgame,"[('avatar', 0.11327293347228787), ('jam cameron', 0.026321379154295284), ('cameron', 0.025708224306492618), ('endgame', 0.01976894231085372), ('jam', 0.01872463744225951), ('sequels', 0.017220387233543247), ('gross', 0.015528742765940722), ('highest gross', 0.014972214437591152), ('avatar sequels', 0.014938481341018958), ('highest', 0.013633822377834871)]"
64,118,64_historical_ancient_movies_historically,"[('historical', 0.036654341792739235), ('ancient', 0.01491430171284239), ('movies', 0.014867591313350572), ('historically', 0.014092993951780037), ('history', 0.013335971367969029), ('accurate', 0.012494209942792314), ('historically accurate', 0.012178368919818107), ('medieval', 0.011979766383751336), ('rome', 0.010683021995617648), ('gladiator', 0.010268520196169091)]"
65,118,65_murder_detective_mystery_crime,"[('murder', 0.029832830630811883), ('detective', 0.02292360877664147), ('mystery', 0.018772507140168985), ('crime', 0.016737214083650268), ('killer', 0.014088907452521953), ('serial', 0.012032816757947398), ('murder mystery', 0.010880173452781954), ('serial killer', 0.01065156030744734), ('movies', 0.010578315092614306), ('orient express', 0.010437544732076056)]"
66,118,66_disney_aladdin_animate_song,"[('disney', 0.03547392650820699), ('aladdin', 0.018323522776522817), ('animate', 0.009446153664166998), ('song', 0.009094801947898294), ('lion king', 0.00875325621744023), ('lion', 0.008617963979500607), ('princess', 0.00684390493007035), ('animation', 0.006652861207960445), ('king', 0.006650762233533507), ('like', 0.006476490507157858)]"
67,117,67_furious_fast_fast amp furious_amp furious,"[('furious', 0.15093985453634845), ('fast', 0.14262710520172478), ('fast amp furious', 0.0927142798199636), ('amp furious', 0.0927142798199636), ('fast amp', 0.09257788329614287), ('fast furious', 0.08505774777041873), ('diesel', 0.07185544573918969), ('dwayne johnson', 0.07168117356471455), ('vin diesel', 0.07068578853463353), ('vin', 0.06944113689081723)]"
68,115,68_scorsese_martin scorsese_martin_taxi,"[('scorsese', 0.07903631093029827), ('martin scorsese', 0.03890311242920486), ('martin', 0.036081466040744435), ('taxi', 0.018792207705398307), ('taxi driver', 0.01873002569868882), ('driver', 0.016219395587538824), ('goodfellas', 0.01406715652881849), ('film', 0.013967151259531954), ('rag bull', 0.013166527904572085), ('scorsese film', 0.012804359239576239)]"
69,111,69_vampire_dracula_vampires_bram,"[('vampire', 0.04988219143866997), ('dracula', 0.04661996529921492), ('vampires', 0.03046480023705395), ('bram', 0.011838187821843192), ('stoker', 0.011300088375395773), ('bram stoker', 0.011054194783273963), ('vampire movies', 0.011054194783273963), ('van helsing', 0.00947005908280306), ('helsing', 0.009412216353031175), ('stoker dracula', 0.009108821530463988)]"
70,111,70_hitchcock_alfred hitchcock_alfred_hitchcock film,"[('hitchcock', 0.06633044927547105), ('alfred hitchcock', 0.023528137890455526), ('alfred', 0.021947528180352574), ('hitchcock film', 0.02188146086868407), ('vertigo', 0.01835107226921073), ('rear', 0.016734073170359014), ('rear window', 0.016526462015899718), ('psycho', 0.016149344294542522), ('film', 0.01523707959064504), ('window', 0.014929222912577759)]"
71,108,71_gay_straight_lgbt_lgbtq,"[('gay', 0.06261035787179557), ('straight', 0.024433456765636918), ('lgbt', 0.017017586453192672), ('lgbtq', 0.013942699888270741), ('queer', 0.012463891298385025), ('character', 0.01127295997706189), ('lesbian', 0.009938598990314395), ('gay character', 0.009265339060608953), ('actors', 0.008819004285296736), ('play', 0.0087944603006301)]"
72,107,72_sonic_hedgehog_sonic hedgehog_sonic movie,"[('sonic', 0.14721316322406544), ('hedgehog', 0.07610080539002807), ('sonic hedgehog', 0.07333170021218635), ('sonic movie', 0.02459276267512393), ('knuckle', 0.015101204330171699), ('tail', 0.011898611117971646), ('movie', 0.011532844444747803), ('carrey', 0.011249701724131873), ('jim', 0.010887816045176404), ('jim carrey', 0.010747461583133723)]"
73,103,73_drink_food_beer_eat,"[('drink', 0.04441047140887887), ('food', 0.02913503502699075), ('beer', 0.014804998773437182), ('eat', 0.01217680388260039), ('movies', 0.010755328397376928), ('drink game', 0.010751094534396738), ('alcohol', 0.010190089212098229), ('dinner', 0.008174136133203952), ('movie', 0.00803593779583833), ('bottle', 0.007796004954740915)]"
74,103,74_comment_com_reddit_com movies comment,"[('comment', 0.10109600284366328), ('com', 0.07722091546939382), ('reddit', 0.07573991810710186), ('com movies comment', 0.07469080151835779), ('reddit com movies', 0.07459992754081916), ('movies comment', 0.07459237648665624), ('com movies', 0.0737025011896228), ('reddit com', 0.07290679454243888), ('www reddit', 0.07257395411071794), ('www reddit com', 0.07257395411071794)]"
75,102,75_trek_star trek_star_trek film,"[('trek', 0.10413952254438022), ('star trek', 0.10147052751400618), ('star', 0.058231122159844544), ('trek film', 0.020393451505739537), ('star trek film', 0.018402866620016806), ('khan', 0.01727673853984259), ('star trek movie', 0.016380652526010453), ('trek movie', 0.016190543024090117), ('chris pine', 0.015205955023162191), ('pine', 0.015007626380018098)]"
